id,dataset,eps,core,checkpoint,branch_net,gate_net,cert_domain,gate_type,threshold,name
# CTRAIN-trained branches bridged into ACE; box domain; raw eps; ids 41-100
41,cifar10,0.00784313725,EB-0_cifar10_adv_2_255.pt,C3_ACE_Net_SABR_cert_cifar10_2_255_v2.pt,C3_cifar10,C3_cifar10,box,net,0.0,C3_SABR_SelNet_t0.0
42,cifar10,0.00784313725,EB-0_cifar10_adv_2_255.pt,C3_ACE_Net_SABR_cert_cifar10_2_255_v2.pt,C3_cifar10,C3_cifar10,box,net,0.3,C3_SABR_SelNet_t0.3
43,cifar10,0.00784313725,EB-0_cifar10_adv_2_255.pt,C3_ACE_Net_SABR_cert_cifar10_2_255_v2.pt,C3_cifar10,C3_cifar10,box,net,0.5,C3_SABR_SelNet_t0.5
44,cifar10,0.00784313725,EB-0_cifar10_adv_2_255.pt,C3_ACE_Net_SABR_cert_cifar10_2_255_v2.pt,C3_cifar10,C3_cifar10,box,net,0.7,C3_SABR_SelNet_t0.7
45,cifar10,0.00784313725,EB-0_cifar10_adv_2_255.pt,C3_ACE_Net_SABR_cert_cifar10_2_255_v2.pt,C3_cifar10,C3_cifar10,box,net,0.9,C3_SABR_SelNet_t0.9
46,cifar10,0.00784313725,EB-0_cifar10_adv_2_255.pt,C3_ACE_Entropy_SABR_cert_cifar10_2_255_v2.pt,C3_cifar10,C3_cifar10,box,entropy,-0.1,C3_SABR_Ent_t0.1
47,cifar10,0.00784313725,EB-0_cifar10_adv_2_255.pt,C3_ACE_Entropy_SABR_cert_cifar10_2_255_v2.pt,C3_cifar10,C3_cifar10,box,entropy,-0.3,C3_SABR_Ent_t0.3
48,cifar10,0.00784313725,EB-0_cifar10_adv_2_255.pt,C3_ACE_Entropy_SABR_cert_cifar10_2_255_v2.pt,C3_cifar10,C3_cifar10,box,entropy,-0.5,C3_SABR_Ent_t0.5
49,cifar10,0.00784313725,EB-0_cifar10_adv_2_255.pt,C3_ACE_Entropy_SABR_cert_cifar10_2_255_v2.pt,C3_cifar10,C3_cifar10,box,entropy,-0.7,C3_SABR_Ent_t0.7
50,cifar10,0.00784313725,EB-0_cifar10_adv_2_255.pt,C3_ACE_Entropy_SABR_cert_cifar10_2_255_v2.pt,C3_cifar10,C3_cifar10,box,entropy,-0.9,C3_SABR_Ent_t0.9
51,cifar10,0.03137254901,EB-0_cifar10_adv_8_255.pt,C3_ACE_Net_SABR_cert_cifar10_8_255_v2.pt,C3_cifar10,C3_cifar10,box,net,0.0,C3_SABR8_SelNet_t0.0
52,cifar10,0.03137254901,EB-0_cifar10_adv_8_255.pt,C3_ACE_Net_SABR_cert_cifar10_8_255_v2.pt,C3_cifar10,C3_cifar10,box,net,0.3,C3_SABR8_SelNet_t0.3
53,cifar10,0.03137254901,EB-0_cifar10_adv_8_255.pt,C3_ACE_Net_SABR_cert_cifar10_8_255_v2.pt,C3_cifar10,C3_cifar10,box,net,0.5,C3_SABR8_SelNet_t0.5
54,cifar10,0.03137254901,EB-0_cifar10_adv_8_255.pt,C3_ACE_Net_SABR_cert_cifar10_8_255_v2.pt,C3_cifar10,C3_cifar10,box,net,0.7,C3_SABR8_SelNet_t0.7
55,cifar10,0.03137254901,EB-0_cifar10_adv_8_255.pt,C3_ACE_Net_SABR_cert_cifar10_8_255_v2.pt,C3_cifar10,C3_cifar10,box,net,0.9,C3_SABR8_SelNet_t0.9
56,cifar10,0.03137254901,EB-0_cifar10_adv_8_255.pt,C3_ACE_Entropy_SABR_cert_cifar10_8_255_v2.pt,C3_cifar10,C3_cifar10,box,entropy,-0.1,C3_SABR8_Ent_t0.1
57,cifar10,0.03137254901,EB-0_cifar10_adv_8_255.pt,C3_ACE_Entropy_SABR_cert_cifar10_8_255_v2.pt,C3_cifar10,C3_cifar10,box,entropy,-0.3,C3_SABR8_Ent_t0.3
58,cifar10,0.03137254901,EB-0_cifar10_adv_8_255.pt,C3_ACE_Entropy_SABR_cert_cifar10_8_255_v2.pt,C3_cifar10,C3_cifar10,box,entropy,-0.5,C3_SABR8_Ent_t0.5
59,cifar10,0.03137254901,EB-0_cifar10_adv_8_255.pt,C3_ACE_Entropy_SABR_cert_cifar10_8_255_v2.pt,C3_cifar10,C3_cifar10,box,entropy,-0.7,C3_SABR8_Ent_t0.7
60,cifar10,0.03137254901,EB-0_cifar10_adv_8_255.pt,C3_ACE_Entropy_SABR_cert_cifar10_8_255_v2.pt,C3_cifar10,C3_cifar10,box,entropy,-0.9,C3_SABR8_Ent_t0.9
61,cifar10,0.00784313725,EB-0_cifar10_adv_2_255.pt,C3_ACE_Net_MTL_cert_cifar10_2_255_v2.pt,C3_cifar10,C3_cifar10,box,net,0.0,C3_MTL_SelNet_t0.0
62,cifar10,0.00784313725,EB-0_cifar10_adv_2_255.pt,C3_ACE_Net_MTL_cert_cifar10_2_255_v2.pt,C3_cifar10,C3_cifar10,box,net,0.3,C3_MTL_SelNet_t0.3
63,cifar10,0.00784313725,EB-0_cifar10_adv_2_255.pt,C3_ACE_Net_MTL_cert_cifar10_2_255_v2.pt,C3_cifar10,C3_cifar10,box,net,0.5,C3_MTL_SelNet_t0.5
64,cifar10,0.00784313725,EB-0_cifar10_adv_2_255.pt,C3_ACE_Net_MTL_cert_cifar10_2_255_v2.pt,C3_cifar10,C3_cifar10,box,net,0.7,C3_MTL_SelNet_t0.7
65,cifar10,0.00784313725,EB-0_cifar10_adv_2_255.pt,C3_ACE_Net_MTL_cert_cifar10_2_255_v2.pt,C3_cifar10,C3_cifar10,box,net,0.9,C3_MTL_SelNet_t0.9
66,cifar10,0.00784313725,EB-0_cifar10_adv_2_255.pt,C3_ACE_Entropy_MTL_cert_cifar10_2_255_v2.pt,C3_cifar10,C3_cifar10,box,entropy,-0.1,C3_MTL_Ent_t0.1
67,cifar10,0.00784313725,EB-0_cifar10_adv_2_255.pt,C3_ACE_Entropy_MTL_cert_cifar10_2_255_v2.pt,C3_cifar10,C3_cifar10,box,entropy,-0.3,C3_MTL_Ent_t0.3
68,cifar10,0.00784313725,EB-0_cifar10_adv_2_255.pt,C3_ACE_Entropy_MTL_cert_cifar10_2_255_v2.pt,C3_cifar10,C3_cifar10,box,entropy,-0.5,C3_MTL_Ent_t0.5
69,cifar10,0.00784313725,EB-0_cifar10_adv_2_255.pt,C3_ACE_Entropy_MTL_cert_cifar10_2_255_v2.pt,C3_cifar10,C3_cifar10,box,entropy,-0.7,C3_MTL_Ent_t0.7
70,cifar10,0.00784313725,EB-0_cifar10_adv_2_255.pt,C3_ACE_Entropy_MTL_cert_cifar10_2_255_v2.pt,C3_cifar10,C3_cifar10,box,entropy,-0.9,C3_MTL_Ent_t0.9
71,cifar10,0.03137254901,EB-0_cifar10_adv_8_255.pt,C3_ACE_Net_MTL_cert_cifar10_8_255_v2.pt,C3_cifar10,C3_cifar10,box,net,0.0,C3_MTL8_SelNet_t0.0
72,cifar10,0.03137254901,EB-0_cifar10_adv_8_255.pt,C3_ACE_Net_MTL_cert_cifar10_8_255_v2.pt,C3_cifar10,C3_cifar10,box,net,0.3,C3_MTL8_SelNet_t0.3
73,cifar10,0.03137254901,EB-0_cifar10_adv_8_255.pt,C3_ACE_Net_MTL_cert_cifar10_8_255_v2.pt,C3_cifar10,C3_cifar10,box,net,0.5,C3_MTL8_SelNet_t0.5
74,cifar10,0.03137254901,EB-0_cifar10_adv_8_255.pt,C3_ACE_Net_MTL_cert_cifar10_8_255_v2.pt,C3_cifar10,C3_cifar10,box,net,0.7,C3_MTL8_SelNet_t0.7
75,cifar10,0.03137254901,EB-0_cifar10_adv_8_255.pt,C3_ACE_Net_MTL_cert_cifar10_8_255_v2.pt,C3_cifar10,C3_cifar10,box,net,0.9,C3_MTL8_SelNet_t0.9
76,cifar10,0.03137254901,EB-0_cifar10_adv_8_255.pt,C3_ACE_Entropy_MTL_cert_cifar10_8_255_v2.pt,C3_cifar10,C3_cifar10,box,entropy,-0.1,C3_MTL8_Ent_t0.1
77,cifar10,0.03137254901,EB-0_cifar10_adv_8_255.pt,C3_ACE_Entropy_MTL_cert_cifar10_8_255_v2.pt,C3_cifar10,C3_cifar10,box,entropy,-0.3,C3_MTL8_Ent_t0.3
78,cifar10,0.03137254901,EB-0_cifar10_adv_8_255.pt,C3_ACE_Entropy_MTL_cert_cifar10_8_255_v2.pt,C3_cifar10,C3_cifar10,box,entropy,-0.5,C3_MTL8_Ent_t0.5
79,cifar10,0.03137254901,EB-0_cifar10_adv_8_255.pt,C3_ACE_Entropy_MTL_cert_cifar10_8_255_v2.pt,C3_cifar10,C3_cifar10,box,entropy,-0.7,C3_MTL8_Ent_t0.7
80,cifar10,0.03137254901,EB-0_cifar10_adv_8_255.pt,C3_ACE_Entropy_MTL_cert_cifar10_8_255_v2.pt,C3_cifar10,C3_cifar10,box,entropy,-0.9,C3_MTL8_Ent_t0.9
81,cifar10,0.00784313725,EB-0_cifar10_adv_2_255.pt,C3_ACE_Net_IBP_cert_cifar10_2_255_v2.pt,C3_cifar10,C3_cifar10,box,net,0.0,C3_IBP_SelNet_t0.0
82,cifar10,0.00784313725,EB-0_cifar10_adv_2_255.pt,C3_ACE_Net_IBP_cert_cifar10_2_255_v2.pt,C3_cifar10,C3_cifar10,box,net,0.3,C3_IBP_SelNet_t0.3
83,cifar10,0.00784313725,EB-0_cifar10_adv_2_255.pt,C3_ACE_Net_IBP_cert_cifar10_2_255_v2.pt,C3_cifar10,C3_cifar10,box,net,0.5,C3_IBP_SelNet_t0.5
84,cifar10,0.00784313725,EB-0_cifar10_adv_2_255.pt,C3_ACE_Net_IBP_cert_cifar10_2_255_v2.pt,C3_cifar10,C3_cifar10,box,net,0.7,C3_IBP_SelNet_t0.7
85,cifar10,0.00784313725,EB-0_cifar10_adv_2_255.pt,C3_ACE_Net_IBP_cert_cifar10_2_255_v2.pt,C3_cifar10,C3_cifar10,box,net,0.9,C3_IBP_SelNet_t0.9
86,cifar10,0.00784313725,EB-0_cifar10_adv_2_255.pt,C3_ACE_Entropy_IBP_cert_cifar10_2_255_v2.pt,C3_cifar10,C3_cifar10,box,entropy,-0.1,C3_IBP_Ent_t0.1
87,cifar10,0.00784313725,EB-0_cifar10_adv_2_255.pt,C3_ACE_Entropy_IBP_cert_cifar10_2_255_v2.pt,C3_cifar10,C3_cifar10,box,entropy,-0.3,C3_IBP_Ent_t0.3
88,cifar10,0.00784313725,EB-0_cifar10_adv_2_255.pt,C3_ACE_Entropy_IBP_cert_cifar10_2_255_v2.pt,C3_cifar10,C3_cifar10,box,entropy,-0.5,C3_IBP_Ent_t0.5
89,cifar10,0.00784313725,EB-0_cifar10_adv_2_255.pt,C3_ACE_Entropy_IBP_cert_cifar10_2_255_v2.pt,C3_cifar10,C3_cifar10,box,entropy,-0.7,C3_IBP_Ent_t0.7
90,cifar10,0.00784313725,EB-0_cifar10_adv_2_255.pt,C3_ACE_Entropy_IBP_cert_cifar10_2_255_v2.pt,C3_cifar10,C3_cifar10,box,entropy,-0.9,C3_IBP_Ent_t0.9
91,cifar10,0.03137254901,EB-0_cifar10_adv_8_255.pt,C3_ACE_Net_IBP_cert_cifar10_8_255_v2.pt,C3_cifar10,C3_cifar10,box,net,0.0,C3_IBP8_SelNet_t0.0
92,cifar10,0.03137254901,EB-0_cifar10_adv_8_255.pt,C3_ACE_Net_IBP_cert_cifar10_8_255_v2.pt,C3_cifar10,C3_cifar10,box,net,0.3,C3_IBP8_SelNet_t0.3
93,cifar10,0.03137254901,EB-0_cifar10_adv_8_255.pt,C3_ACE_Net_IBP_cert_cifar10_8_255_v2.pt,C3_cifar10,C3_cifar10,box,net,0.5,C3_IBP8_SelNet_t0.5
94,cifar10,0.03137254901,EB-0_cifar10_adv_8_255.pt,C3_ACE_Net_IBP_cert_cifar10_8_255_v2.pt,C3_cifar10,C3_cifar10,box,net,0.7,C3_IBP8_SelNet_t0.7
95,cifar10,0.03137254901,EB-0_cifar10_adv_8_255.pt,C3_ACE_Net_IBP_cert_cifar10_8_255_v2.pt,C3_cifar10,C3_cifar10,box,net,0.9,C3_IBP8_SelNet_t0.9
96,cifar10,0.03137254901,EB-0_cifar10_adv_8_255.pt,C3_ACE_Entropy_IBP_cert_cifar10_8_255_v2.pt,C3_cifar10,C3_cifar10,box,entropy,-0.1,C3_IBP8_Ent_t0.1
97,cifar10,0.03137254901,EB-0_cifar10_adv_8_255.pt,C3_ACE_Entropy_IBP_cert_cifar10_8_255_v2.pt,C3_cifar10,C3_cifar10,box,entropy,-0.3,C3_IBP8_Ent_t0.3
98,cifar10,0.03137254901,EB-0_cifar10_adv_8_255.pt,C3_ACE_Entropy_IBP_cert_cifar10_8_255_v2.pt,C3_cifar10,C3_cifar10,box,entropy,-0.5,C3_IBP8_Ent_t0.5
99,cifar10,0.03137254901,EB-0_cifar10_adv_8_255.pt,C3_ACE_Entropy_IBP_cert_cifar10_8_255_v2.pt,C3_cifar10,C3_cifar10,box,entropy,-0.7,C3_IBP8_Ent_t0.7
100,cifar10,0.03137254901,EB-0_cifar10_adv_8_255.pt,C3_ACE_Entropy_IBP_cert_cifar10_8_255_v2.pt,C3_cifar10,C3_cifar10,box,entropy,-0.9,C3_IBP8_Ent_t0.9
