id,dataset,eps,core,checkpoint,branch_net,gate_net,cert_domain,gate_type,threshold,name
# CIFAR-10 eps=2/255, SelectionNet, 2 conv layers
1,cifar10,0.00784313725,EB-0_cifar10_adv_2_255.pt,C2_ACE_Net_COLT_cert_cifar10_2_255.pt,C2_cifar10,C2_cifar10,zono,net,0.0,C2_COLT_SelNet_t0.0
2,cifar10,0.00784313725,EB-0_cifar10_adv_2_255.pt,C2_ACE_Net_COLT_cert_cifar10_2_255.pt,C2_cifar10,C2_cifar10,zono,net,0.3,C2_COLT_SelNet_t0.3
3,cifar10,0.00784313725,EB-0_cifar10_adv_2_255.pt,C2_ACE_Net_COLT_cert_cifar10_2_255.pt,C2_cifar10,C2_cifar10,zono,net,0.5,C2_COLT_SelNet_t0.5
4,cifar10,0.00784313725,EB-0_cifar10_adv_2_255.pt,C2_ACE_Net_COLT_cert_cifar10_2_255.pt,C2_cifar10,C2_cifar10,zono,net,0.7,C2_COLT_SelNet_t0.7
5,cifar10,0.00784313725,EB-0_cifar10_adv_2_255.pt,C2_ACE_Net_COLT_cert_cifar10_2_255.pt,C2_cifar10,C2_cifar10,zono,net,0.9,C2_COLT_SelNet_t0.9
# CIFAR-10 eps=2/255, SelectionNet, 3 conv layers
6,cifar10,0.00784313725,EB-0_cifar10_adv_2_255.pt,C3_ACE_Net_COLT_cert_cifar10_2_255.pt,C3_cifar10,C3_cifar10,zono,net,0.0,C3_COLT_SelNet_t0.0
7,cifar10,0.00784313725,EB-0_cifar10_adv_2_255.pt,C3_ACE_Net_COLT_cert_cifar10_2_255.pt,C3_cifar10,C3_cifar10,zono,net,0.3,C3_COLT_SelNet_t0.3
8,cifar10,0.00784313725,EB-0_cifar10_adv_2_255.pt,C3_ACE_Net_COLT_cert_cifar10_2_255.pt,C3_cifar10,C3_cifar10,zono,net,0.5,C3_COLT_SelNet_t0.5
9,cifar10,0.00784313725,EB-0_cifar10_adv_2_255.pt,C3_ACE_Net_COLT_cert_cifar10_2_255.pt,C3_cifar10,C3_cifar10,zono,net,0.7,C3_COLT_SelNet_t0.7
10,cifar10,0.00784313725,EB-0_cifar10_adv_2_255.pt,C3_ACE_Net_COLT_cert_cifar10_2_255.pt,C3_cifar10,C3_cifar10,zono,net,0.9,C3_COLT_SelNet_t0.9
# CIFAR-10 eps=2/255, SelectionNet, IBP, 3 conv layers
11,cifar10,0.00784313725,EB-0_cifar10_adv_2_255.pt,C3_ACE_Net_IBP_cert_cifar10_2_255.pt,C3_cifar10,C3_cifar10,box,net,0.0,C3_IBP_SelNet_t0.0
12,cifar10,0.00784313725,EB-0_cifar10_adv_2_255.pt,C3_ACE_Net_IBP_cert_cifar10_2_255.pt,C3_cifar10,C3_cifar10,box,net,0.3,C3_IBP_SelNet_t0.3
13,cifar10,0.00784313725,EB-0_cifar10_adv_2_255.pt,C3_ACE_Net_IBP_cert_cifar10_2_255.pt,C3_cifar10,C3_cifar10,box,net,0.5,C3_IBP_SelNet_t0.5
14,cifar10,0.00784313725,EB-0_cifar10_adv_2_255.pt,C3_ACE_Net_IBP_cert_cifar10_2_255.pt,C3_cifar10,C3_cifar10,box,net,0.7,C3_IBP_SelNet_t0.7
15,cifar10,0.00784313725,EB-0_cifar10_adv_2_255.pt,C3_ACE_Net_IBP_cert_cifar10_2_255.pt,C3_cifar10,C3_cifar10,box,net,0.9,C3_IBP_SelNet_t0.9
# CIFAR-10 eps=2/255, Entropy, COLT, 2 conv layers
16,cifar10,0.00784313725,EB-0_cifar10_adv_2_255.pt,C2_ACE_Entropy_COLT_cert_cifar10_2_255.pt,C2_cifar10,C2_cifar10,zono,entropy,-0.1,C2_COLT_Ent_t0.1
17,cifar10,0.00784313725,EB-0_cifar10_adv_2_255.pt,C2_ACE_Entropy_COLT_cert_cifar10_2_255.pt,C2_cifar10,C2_cifar10,zono,entropy,-0.3,C2_COLT_Ent_t0.3
18,cifar10,0.00784313725,EB-0_cifar10_adv_2_255.pt,C2_ACE_Entropy_COLT_cert_cifar10_2_255.pt,C2_cifar10,C2_cifar10,zono,entropy,-0.5,C2_COLT_Ent_t0.5
19,cifar10,0.00784313725,EB-0_cifar10_adv_2_255.pt,C2_ACE_Entropy_COLT_cert_cifar10_2_255.pt,C2_cifar10,C2_cifar10,zono,entropy,-0.7,C2_COLT_Ent_t0.7
20,cifar10,0.00784313725,EB-0_cifar10_adv_2_255.pt,C2_ACE_Entropy_COLT_cert_cifar10_2_255.pt,C2_cifar10,C2_cifar10,zono,entropy,-0.9,C2_COLT_Ent_t0.9
# CIFAR-10 eps=2/255, Entropy, IBP, 2 conv layers
21,cifar10,0.00784313725,EB-0_cifar10_adv_2_255.pt,C2_ACE_Entropy_IBP_cert_cifar10_2_255.pt,C2_cifar10,C2_cifar10,box,entropy,-0.1,C2_IBP_Ent_t0.1
22,cifar10,0.00784313725,EB-0_cifar10_adv_2_255.pt,C2_ACE_Entropy_IBP_cert_cifar10_2_255.pt,C2_cifar10,C2_cifar10,box,entropy,-0.3,C2_IBP_Ent_t0.3
23,cifar10,0.00784313725,EB-0_cifar10_adv_2_255.pt,C2_ACE_Entropy_IBP_cert_cifar10_2_255.pt,C2_cifar10,C2_cifar10,box,entropy,-0.5,C2_IBP_Ent_t0.5
24,cifar10,0.00784313725,EB-0_cifar10_adv_2_255.pt,C2_ACE_Entropy_IBP_cert_cifar10_2_255.pt,C2_cifar10,C2_cifar10,box,entropy,-0.7,C2_IBP_Ent_t0.7
25,cifar10,0.00784313725,EB-0_cifar10_adv_2_255.pt,C2_ACE_Entropy_IBP_cert_cifar10_2_255.pt,C2_cifar10,C2_cifar10,box,entropy,-0.9,C2_IBP_Ent_t0.9
# CIFAR-10 eps=8/255, SelectionNet, COLT, 3 conv layers
26,cifar10,0.03137254901,EB-0_cifar10_adv_8_255.pt,C3_ACE_Net_COLT_cert_cifar10_8_255.pt,C3_cifar10,C3_cifar10,zono,net,0.0,C3_COLT8_SelNet_t0.0
27,cifar10,0.03137254901,EB-0_cifar10_adv_8_255.pt,C3_ACE_Net_COLT_cert_cifar10_8_255.pt,C3_cifar10,C3_cifar10,zono,net,0.3,C3_COLT8_SelNet_t0.3
28,cifar10,0.03137254901,EB-0_cifar10_adv_8_255.pt,C3_ACE_Net_COLT_cert_cifar10_8_255.pt,C3_cifar10,C3_cifar10,zono,net,0.5,C3_COLT8_SelNet_t0.5
29,cifar10,0.03137254901,EB-0_cifar10_adv_8_255.pt,C3_ACE_Net_COLT_cert_cifar10_8_255.pt,C3_cifar10,C3_cifar10,zono,net,0.7,C3_COLT8_SelNet_t0.7
30,cifar10,0.03137254901,EB-0_cifar10_adv_8_255.pt,C3_ACE_Net_COLT_cert_cifar10_8_255.pt,C3_cifar10,C3_cifar10,zono,net,0.9,C3_COLT8_SelNet_t0.9
# CIFAR-10 eps=8/255, SelectionNet, IBP, 3 conv layers
31,cifar10,0.03137254901,EB-0_cifar10_adv_8_255.pt,C3_ACE_Net_IBP_cert_cifar10_8_255.pt,C3_cifar10,C3_cifar10,box,net,0.0,C3_IBP8_SelNet_t0.0
32,cifar10,0.03137254901,EB-0_cifar10_adv_8_255.pt,C3_ACE_Net_IBP_cert_cifar10_8_255.pt,C3_cifar10,C3_cifar10,box,net,0.3,C3_IBP8_SelNet_t0.3
33,cifar10,0.03137254901,EB-0_cifar10_adv_8_255.pt,C3_ACE_Net_IBP_cert_cifar10_8_255.pt,C3_cifar10,C3_cifar10,box,net,0.5,C3_IBP8_SelNet_t0.5
34,cifar10,0.03137254901,EB-0_cifar10_adv_8_255.pt,C3_ACE_Net_IBP_cert_cifar10_8_255.pt,C3_cifar10,C3_cifar10,box,net,0.7,C3_IBP8_SelNet_t0.7
35,cifar10,0.03137254901,EB-0_cifar10_adv_8_255.pt,C3_ACE_Net_IBP_cert_cifar10_8_255.pt,C3_cifar10,C3_cifar10,box,net,0.9,C3_IBP8_SelNet_t0.9
# CIFAR-10 eps=8/255, SelectionNet, C-IBP+IBP, 5 conv layers
36,cifar10,0.03137254901,EB-0_cifar10_adv_8_255.pt,C5_ACE_Net_IBP_cert_cifar10_8_255.pt,C5_cifar10,C5_cifar10,box,net,0.0,C5_CIBP8_SelNet_t0.0
37,cifar10,0.03137254901,EB-0_cifar10_adv_8_255.pt,C5_ACE_Net_IBP_cert_cifar10_8_255.pt,C5_cifar10,C5_cifar10,box,net,0.3,C5_CIBP8_SelNet_t0.3
38,cifar10,0.03137254901,EB-0_cifar10_adv_8_255.pt,C5_ACE_Net_IBP_cert_cifar10_8_255.pt,C5_cifar10,C5_cifar10,box,net,0.5,C5_CIBP8_SelNet_t0.5
39,cifar10,0.03137254901,EB-0_cifar10_adv_8_255.pt,C5_ACE_Net_IBP_cert_cifar10_8_255.pt,C5_cifar10,C5_cifar10,box,net,0.7,C5_CIBP8_SelNet_t0.7
40,cifar10,0.03137254901,EB-0_cifar10_adv_8_255.pt,C5_ACE_Net_IBP_cert_cifar10_8_255.pt,C5_cifar10,C5_cifar10,box,net,0.9,C5_CIBP8_SelNet_t0.9
